title,isbn,price_eur,shop_link,google_search_link,shop,date_scraped
"Детский журнал ""Фита"" №3",N/A,13.85,https://nmbooks.shop/products/детский-журнал-фита-3,N/A,nm_books,2026-03-29
"Детский журнал ""Фита"" №2",N/A,13.85,https://nmbooks.shop/products/детский-журнал-фита-2,N/A,nm_books,2026-03-29
"Детский журнал ""Фита"" №1",N/A,13.85,https://nmbooks.shop/products/детский-журнал-фита-1,N/A,nm_books,2026-03-29
Виктор Пелевин. A sinistra,N/A,16.3,https://nmbooks.shop/products/виктор-пелевин,N/A,nm_books,2026-03-29
"Диктатор, который умер дважды: Невероятная история Антониу Салазара",9785961487817,13.53,https://nmbooks.shop/products/n0021,https://www.google.com/search?q=9785961487817,nm_books,2026-03-29
Елена Костюченко «Моя любимая страна»,9789934239427,24.45,https://nmbooks.shop/products/n0097,https://www.google.com/search?q=9789934239427,nm_books,2026-03-29
Дмитрий Глуховский. Мы. Дневник падения,9788097468309,27.3,https://nmbooks.shop/products/10488,https://www.google.com/search?q=9788097468309,nm_books,2026-03-29
Павел Казарин. Дикий Запад Восточной Европы,9789669826893,8.15,https://nmbooks.shop/products/d10416,https://www.google.com/search?q=9789669826893,nm_books,2026-03-29
Натали Безмен. Доктор покупает ботинки,9786178252304,12.22,https://nmbooks.shop/products/d10420,https://www.google.com/search?q=9786178252304,nm_books,2026-03-29
Анна Берсенева. Рейнское золотое,N/A,13.04,https://nmbooks.shop/products/d10419,N/A,nm_books,2026-03-29
Тод Штрассер. Волна,9785917597508,10.19,https://nmbooks.shop/products/d10544,https://www.google.com/search?q=9785917597508,nm_books,2026-03-29
Джонатан Литтелл и Антуан Д’Агата. «Неудобное место»,9789934921636,30.56,https://nmbooks.shop/products/n0194,https://www.google.com/search?q=9789934921636,nm_books,2026-03-29
"Свен Нурдквист ""Переполох в огороде""",9785001143659,11.0,https://nmbooks.shop/products/n0219,https://www.google.com/search?q=9785001143659,nm_books,2026-03-29
"Свен Нурдквист ""Петсон идёт в поход""",9785001143406,11.41,https://nmbooks.shop/products/n0218,https://www.google.com/search?q=9785001143406,nm_books,2026-03-29
"Свен Нурдквист ""Петсон и Финдус изучают животных""",9785001143895,9.78,https://nmbooks.shop/products/n0217,https://www.google.com/search?q=9785001143895,nm_books,2026-03-29
"Свен Нурдквист ""Петсон грустит""",9785001143390,11.41,https://nmbooks.shop/products/n0216,https://www.google.com/search?q=9785001143390,nm_books,2026-03-29
"Свен Нурдквист ""Охота на лис""",9785906640079,11.0,https://nmbooks.shop/products/n0215,https://www.google.com/search?q=9785906640079,nm_books,2026-03-29
Андрей Зубов. История России XIX столетия (том 1),9788069096059,30.56,https://nmbooks.shop/products/10487,https://www.google.com/search?q=9788069096059,nm_books,2026-03-29
"Владимир Сорокин ""Наследие""",9785171458034,24.45,https://nmbooks.shop/products/n0213,https://www.google.com/search?q=9785171458034,nm_books,2026-03-29
Джон Хейвуд: Люди Севера (плотная обложка),9785001390008,18.34,https://nmbooks.shop/products/n0018,https://www.google.com/search?q=9785001390008,nm_books,2026-03-29
Виктор Шендерович. Девяноска,9788097468323,26.49,https://nmbooks.shop/products/n0210,https://www.google.com/search?q=9788097468323,nm_books,2026-03-29
"Эмманюэль Гибер, Марк Бутаван. Ариоль. Лучший в мире поросенок",9785907305533,12.22,https://nmbooks.shop/products/n0209,https://www.google.com/search?q=9785907305533,nm_books,2026-03-29
"Андрей Макаревич ""Звонок телефона в осеннем лесу""",9789659308309,18.34,https://nmbooks.shop/products/n0208,https://www.google.com/search?q=9789659308309,nm_books,2026-03-29
Люси и Стивен Хокинг: Джордж и Большой взрыв,9785437002018,20.37,https://nmbooks.shop/products/10231,https://www.google.com/search?q=9785437002018,nm_books,2026-03-29
"Эмманюэль Гибер, Марк Бутаван. Ариоль. Телячьи нежности",9785906331632,12.22,https://nmbooks.shop/products/10483,https://www.google.com/search?q=9785906331632,nm_books,2026-03-29
"Эмманюэль Гибер, Марк Бутаван. Ариоль. Шевалье Мустанг",9785907305656,12.22,https://nmbooks.shop/products/10538,https://www.google.com/search?q=9785907305656,nm_books,2026-03-29
"Эмманюэль Гибер, Марк Бутаван. Ариоль. Танцуют все",9785907305625,12.22,https://nmbooks.shop/products/10537,https://www.google.com/search?q=9785907305625,nm_books,2026-03-29
"Эмманюэль Гибер, Марк Бутаван. Ариоль. Муха-горюха",9785906331878,12.22,https://nmbooks.shop/products/10536,https://www.google.com/search?q=9785906331878,nm_books,2026-03-29
"Эмманюэль Гибер, Марк Бутаван. Ариоль. Господин Пес",9785907305700,12.22,https://nmbooks.shop/products/10535,https://www.google.com/search?q=9785907305700,nm_books,2026-03-29
Даниил Туровский. Разрыв,9789934921667,18.34,https://nmbooks.shop/products/10516,https://www.google.com/search?q=9789934921667,nm_books,2026-03-29
Мишель Уэльбек: Уничтожить,9785171483302,25.26,https://nmbooks.shop/products/10413,https://www.google.com/search?q=9785171483302,nm_books,2026-03-29
Энн Эпплбаум: ГУЛАГ,9785170852291,30.56,https://nmbooks.shop/products/10317-1,https://www.google.com/search?q=9785170852291,nm_books,2026-03-29
Свен Нурдквист: Рождество в домике Петсона,N/A,11.41,https://nmbooks.shop/products/10158,N/A,nm_books,2026-03-29
"Ирина Фуфаева: Как называются женщины. Феминитивы: история, устройство, конкуренция",N/A,15.28,https://nmbooks.shop/products/10108,N/A,nm_books,2026-03-29
"Илья Барабанов, Денис Коротков. «Наш бизнес — смерть». Полная история ЧВК ""Вагнер"" и ее основателя Евгения Пригожина",9789934921629,24.45,https://nmbooks.shop/products/10429,https://www.google.com/search?q=9789934921629,nm_books,2026-03-29
Григорий Родченков. Допинг. Запрещенные страницы,9789934925504,24.45,https://nmbooks.shop/products/10510,https://www.google.com/search?q=9789934925504,nm_books,2026-03-29
"Евгений Торчинов ""Введение в буддизм""",9785171587970,22.41,https://nmbooks.shop/products/d10582,https://www.google.com/search?q=9785171587970,nm_books,2026-03-29
"Вторая навигация, философский сборник статей альманаха",9783039740352,27.5,https://nmbooks.shop/products/10444-vac1,https://www.google.com/search?q=9783039740352,nm_books,2026-03-29
Валерий Бочков. Харон,9786178169862,12.22,https://nmbooks.shop/products/валерий-бочков-харон,https://www.google.com/search?q=9786178169862,nm_books,2026-03-29
"Якуб Микановски. Гудбай, Восточная Европа!",9785041957414,10.19,https://nmbooks.shop/products/10503,https://www.google.com/search?q=9785041957414,nm_books,2026-03-29
Елена Колина: Толстовский дом,9785170884551,15.89,https://nmbooks.shop/products/10250,https://www.google.com/search?q=9785170884551,nm_books,2026-03-29
Вера Полозкова. Lost and Found,9788069096080,20.37,https://nmbooks.shop/products/10525,https://www.google.com/search?q=9788069096080,nm_books,2026-03-29
"Мария Грипе ""... И белые тени в лесу""",9785001140030,14.26,https://nmbooks.shop/products/d10581,https://www.google.com/search?q=9785001140030,nm_books,2026-03-29
"Мария Грипе ""Тайник теней""",9785001140511,16.3,https://nmbooks.shop/products/d10580,https://www.google.com/search?q=9785001140511,nm_books,2026-03-29
"Мария Грипе ""Дети теней""",9785001140245,14.26,https://nmbooks.shop/products/d10579,https://www.google.com/search?q=9785001140245,nm_books,2026-03-29
"Мария Грипе ""Тень на каменной скамейке""",9785906640840,9.98,https://nmbooks.shop/products/d10578,https://www.google.com/search?q=9785906640840,nm_books,2026-03-29
"Мария Грипе ""Сесилия Агнес - Странная история""",9785906640635,9.98,https://nmbooks.shop/products/d10577,https://www.google.com/search?q=9785906640635,nm_books,2026-03-29
"Умберто Эко ""Маятник Фуко""",9785170831890,32.6,https://nmbooks.shop/products/d10576,https://www.google.com/search?q=9785170831890,nm_books,2026-03-29
"Джим Старлин ""Танос. Откровение бесконечности""",9785604012345,24.45,https://nmbooks.shop/products/d10575,https://www.google.com/search?q=9785604012345,nm_books,2026-03-29
"Роберто Карнеро ""Пазолини. Умереть за идеи""",9785171549138,21.6,https://nmbooks.shop/products/d10574,https://www.google.com/search?q=9785171549138,nm_books,2026-03-29
"Тилли Уолден ""Пируэт""",9785906331861,21.6,https://nmbooks.shop/products/d10573,https://www.google.com/search?q=9785906331861,nm_books,2026-03-29
"Фредерик Питерс ""Голубые таблетки""",9785906331526,14.67,https://nmbooks.shop/products/d10572,https://www.google.com/search?q=9785906331526,nm_books,2026-03-29
"Юрий Гуголев ""От гульбищ до капищ""",9783910741287,14.67,https://nmbooks.shop/products/d10571,https://www.google.com/search?q=9783910741287,nm_books,2026-03-29
"Сэмюэл Мойн ""Последняя утопия. Права человека в истории""",9785444821282,20.37,https://nmbooks.shop/products/d10570,https://www.google.com/search?q=9785444821282,nm_books,2026-03-29
"Тодж Нейтон ""Преступный разум""",9785002230167,7.33,https://nmbooks.shop/products/d10569,https://www.google.com/search?q=9785002230167,nm_books,2026-03-29
Хрестоматия Тотального диктанта от Быкова до Яхиной,9785040990740,6.52,https://nmbooks.shop/products/d10568,https://www.google.com/search?q=9785040990740,nm_books,2026-03-29
"Тибо Дамур ""Мир по Эйнштейну. От теории относительности до теории струн:""",9785916714852,12.22,https://nmbooks.shop/products/d10567,https://www.google.com/search?q=9785916714852,nm_books,2026-03-29
"Эткинд ""Кривое горе""",9785444822487,15.48,https://nmbooks.shop/products/d10566,https://www.google.com/search?q=9785444822487,nm_books,2026-03-29
"Кен Дженнингс ""Греческие мифы""",9785000741184,8.15,https://nmbooks.shop/products/d10565,https://www.google.com/search?q=9785000741184,nm_books,2026-03-29
"Иван Беляев ""Вацлав Гавел. Жизнь в истории""",9785444812068,14.67,https://nmbooks.shop/products/d10564,https://www.google.com/search?q=9785444812068,nm_books,2026-03-29
"Алексей Иванов ""Ненастье"" (дефект обложки)",9785002230952,12.22,https://nmbooks.shop/products/d10583,https://www.google.com/search?q=9785002230952,nm_books,2026-03-29
"Андрей Пионтковский ""Третий путь ... к рабству"". Том 1",9783910741966,20.37,https://nmbooks.shop/products/d105634,https://www.google.com/search?q=9783910741966,nm_books,2026-03-29
"Адам Туз. ""Всемирный потоп. Великая война и переустройство мирового порядка, 1916-1931 годы""",9785932555033,36.67,https://nmbooks.shop/products/d105633,https://www.google.com/search?q=9785932555033,nm_books,2026-03-29
"Адам Туз. ""Крах. Как десятилетие финансовых кризисов изменило мир""",9785932555637,36.67,https://nmbooks.shop/products/d105632,https://www.google.com/search?q=9785932555637,nm_books,2026-03-29
"Б. Чухович ""Любовь, дружба, вечность Усто Мумина""",9788090889910,32.6,https://nmbooks.shop/products/d10562,https://www.google.com/search?q=9788090889910,nm_books,2026-03-29
"Алексей Смирнов фон Раух ""Доска Дионисия""",9785907696303,20.37,https://nmbooks.shop/products/d10561,https://www.google.com/search?q=9785907696303,nm_books,2026-03-29
Джованни Чиварди: Анатомия для Художников. Самое полное пособие по рисованию человека,9785040976454,22.41,https://nmbooks.shop/products/d10208,https://www.google.com/search?q=9785040976454,nm_books,2026-03-29
"Пришёл, увидел и убил. Как и почему римляне убивали. Эмма Саутон",9785041181482,13.85,https://nmbooks.shop/products/10401,https://www.google.com/search?q=9785041181482,nm_books,2026-03-29
"Даша Димитрова, Ольга Дергачёва. Я кабан, а вы вонючки!",9785001674467,14.26,https://nmbooks.shop/products/10521,https://www.google.com/search?q=9785001674467,nm_books,2026-03-29
"Даша Димитрова. Морж как морж, ничего особенного",9785001672081,12.63,https://nmbooks.shop/products/10522,https://www.google.com/search?q=9785001672081,nm_books,2026-03-29
"Иоганн-Амвросий Розенштраух ""Исторические происшествия в Москве 1812 года во время присутствия в сем городе неприятеля""",9785444802700,16.3,https://nmbooks.shop/products/d10048,https://www.google.com/search?q=9785444802700,nm_books,2026-03-29
Георгий Касьянов: Украина и соседи: историческая политика. 1987-2018,N/A,30.97,https://nmbooks.shop/products/10012,N/A,nm_books,2026-03-29
Вадик Королев. Снеговик,N/A,17.11,https://nmbooks.shop/products/10498,N/A,nm_books,2026-03-29
Руту Модан. Имущество,9785907305175,11.41,https://nmbooks.shop/products/d10549,https://www.google.com/search?q=9785907305175,nm_books,2026-03-29
Люк Перино. Нулевой пациент,9785041205515,0.0,https://nmbooks.shop/products/10502,https://www.google.com/search?q=9785041205515,nm_books,2026-03-29
Ксения Кириллова. Ошибка Эфрона,9783000730061,10.8,https://nmbooks.shop/products/10462,https://www.google.com/search?q=9783000730061,nm_books,2026-03-29
Виктор Вахштайн. Техника,9785943803369,8.96,https://nmbooks.shop/products/10540,https://www.google.com/search?q=9785943803369,nm_books,2026-03-29
Кобо Абэ. Женщина в песках. Чужое лицо,9785367003116,8.15,https://nmbooks.shop/products/d10550,https://www.google.com/search?q=9785367003116,nm_books,2026-03-29
"Брэдли Хоуп, Джастин Шек. Нефть и Кровь",9785961491821,14.67,https://nmbooks.shop/products/10532,https://www.google.com/search?q=9785961491821,nm_books,2026-03-29
Стюарт Ричи. Наукообразная чушь,9785171361044,19.56,https://nmbooks.shop/products/10506,https://www.google.com/search?q=9785171361044,nm_books,2026-03-29
Алексей Зайцев. Физика Тузика,9785917598079,12.22,https://nmbooks.shop/products/10542,https://www.google.com/search?q=9785917598079,nm_books,2026-03-29
Федор Сваровский. Беспорядок в саванне,9789659292929,12.22,https://nmbooks.shop/products/10490,https://www.google.com/search?q=9789659292929,nm_books,2026-03-29
Герман Лукомников. Стихи из России (2022-2023),9789659308385,11.41,https://nmbooks.shop/products/10432,https://www.google.com/search?q=9789659308385,nm_books,2026-03-29
"Пряник с трещинкой. The Cracked Gingerbread, И.Асеева (рус., англ.)",9783039740185,18.34,https://nmbooks.shop/products/10453,https://www.google.com/search?q=9783039740185,nm_books,2026-03-29
Шарль Фердинан Рамю. Пришествие поэта,9789659312573,16.3,https://nmbooks.shop/products/шарль-фердинан-рамю-пришествие-поэта,https://www.google.com/search?q=9789659312573,nm_books,2026-03-29
Борис Акунин: Москва-Синцзин,9798990281622,24.45,https://nmbooks.shop/products/10492,https://www.google.com/search?q=9798990281622,nm_books,2026-03-29
Кирилл Кобрин. Пять эссе о войне и болезни,9789659312542,10.59,https://nmbooks.shop/products/10526,https://www.google.com/search?q=9789659312542,nm_books,2026-03-29
Евгений Фельдман. Мечтатели против космонавтов,9781965369289,34.63,https://nmbooks.shop/products/10518,https://www.google.com/search?q=9781965369289,nm_books,2026-03-29
Олег Кашин. Ничего хорошего. От начала войны до похорон Навального,9783689590000,19.56,https://nmbooks.shop/products/d10551,https://www.google.com/search?q=9783689590000,nm_books,2026-03-29
Маржан Сатрапи. Вышивки,9785907305007,7.33,https://nmbooks.shop/products/d10548,https://www.google.com/search?q=9785907305007,nm_books,2026-03-29
Стивен Уокер. Первый. Новая история Гагарина и космической гонки,9785001396642,14.67,https://nmbooks.shop/products/10507,https://www.google.com/search?q=9785001396642,nm_books,2026-03-29
Лев Рубинштейн. Кладбище с вайфаем,9785444812440,18.34,https://nmbooks.shop/products/d10467,https://www.google.com/search?q=9785444812440,nm_books,2026-03-29
Дидье Блонд. Адресная книга вымышленных литературных персонажей,9785751617523,20.37,https://nmbooks.shop/products/10482,https://www.google.com/search?q=9785751617523,nm_books,2026-03-29
Владимир Набоков. Бледный огонь,9785171378349,14.26,https://nmbooks.shop/products/10533,https://www.google.com/search?q=9785171378349,nm_books,2026-03-29
"Мария Гельфонд: Комментарий к трилогии А. Бруштейн ""Дорога уходит в даль""",9785990626188,11.82,https://nmbooks.shop/products/10268,https://www.google.com/search?q=9785990626188,nm_books,2026-03-29
Юлия Яковлева. Дети ворона,9785917594446,15.48,https://nmbooks.shop/products/10481,https://www.google.com/search?q=9785917594446,nm_books,2026-03-29
Алки Зеи. Леопард за стеклом,9785001675716,14.67,https://nmbooks.shop/products/d10546,https://www.google.com/search?q=9785001675716,nm_books,2026-03-29
Тамара Эйдельман. Тайны древних цивилизаций,9785171516208,14.67,https://nmbooks.shop/products/d10512,https://www.google.com/search?q=9785171516208,nm_books,2026-03-29
Кормак Маккарти. Дорога,9785389143852,8.15,https://nmbooks.shop/products/10517,https://www.google.com/search?q=9785389143852,nm_books,2026-03-29
Том Джексон: Главное в истории науки,9785001957058,14.26,https://nmbooks.shop/products/d10530,https://www.google.com/search?q=9785001957058,nm_books,2026-03-29
Ирина Кувшинская: Воссозданный Рим,N/A,44.82,https://nmbooks.shop/products/10202,N/A,nm_books,2026-03-29
Лидия Чуковская: Памяти детства. Мой отец - Корней Чуковский,N/A,16.3,https://nmbooks.shop/products/10186,N/A,nm_books,2026-03-29
Ника Дубровская: НЕ/СПРАВЕДЛИВОСТЬ,N/A,17.11,https://nmbooks.shop/products/10137,N/A,nm_books,2026-03-29
"Антон Носик: Лытдыбр. Дневники, диалоги, проза",N/A,40.75,https://nmbooks.shop/products/10074,N/A,nm_books,2026-03-29
Барбара Оакли: Думай как математик. Как решать любые проблемы быстрее и эффективнее,N/A,21.19,https://nmbooks.shop/products/10187,N/A,nm_books,2026-03-29
Марина Голубева: Главное в истории мифологии,9785002140442,14.26,https://nmbooks.shop/products/ольга-и-сергей-гиляревские-главное-в-истории-медицины-copy,https://www.google.com/search?q=9785002140442,nm_books,2026-03-29
Джоэль Бен-Иззи: Царь-оборванец и секрет счастья,9785907056237,11.21,https://nmbooks.shop/products/10289,https://www.google.com/search?q=9785907056237,nm_books,2026-03-29
Даниэль Аррас: Взгляд улитки. Описания неочевидного,9785911035167,9.17,https://nmbooks.shop/products/10247,https://www.google.com/search?q=9785911035167,nm_books,2026-03-29
Ян Немец: Возможности любовного романа,N/A,24.86,https://nmbooks.shop/products/10185,N/A,nm_books,2026-03-29
Дмитрий Галковский: Необходимо и достаточно,N/A,27.71,https://nmbooks.shop/products/10085,N/A,nm_books,2026-03-29
Вадим Фролов: Что к чему,9785917596228,13.04,https://nmbooks.shop/products/10234,https://www.google.com/search?q=9785917596228,nm_books,2026-03-29
"Пелам Вудхаус: Дживс, вы - гений! Ваша взяла, Дживс! Фамильная честь Вустеров",N/A,17.52,https://nmbooks.shop/products/10120,N/A,nm_books,2026-03-29
Юбер Кривин: Маленький трактат о случае и случайностях,9789859046896,12.22,https://nmbooks.shop/products/10245,https://www.google.com/search?q=9789859046896,nm_books,2026-03-29
"Джеймс Хэрриотт: О всех созданиях, мудрых и удивительных",9785389195998,17.32,https://nmbooks.shop/products/10223,https://www.google.com/search?q=9785389195998,nm_books,2026-03-29
Андраш Форгач: Незакрытых дел - нет,9785171126001,25.67,https://nmbooks.shop/products/10242,https://www.google.com/search?q=9785171126001,nm_books,2026-03-29
Джеймс Хэрриотт: Вечное чудо жизни,9785389178496,17.32,https://nmbooks.shop/products/10227,https://www.google.com/search?q=9785389178496,nm_books,2026-03-29
Ирина Хакамада: Дао жизни. Мастер-класс от убежденного индивидуалиста,N/A,17.11,https://nmbooks.shop/products/10199,N/A,nm_books,2026-03-29
Джеймс Хэрриот: И всех их создал Бог,9785389178489,17.32,https://nmbooks.shop/products/10226,https://www.google.com/search?q=9785389178489,nm_books,2026-03-29
Ричард Нельсон-Фрай: Бухара в Средние века,9785952452077,12.22,https://nmbooks.shop/products/10246,https://www.google.com/search?q=9785952452077,nm_books,2026-03-29
На сердце пали все печали. Судьбы крестьян в XX веке. Воспоминания.,9785990976610,10.19,https://nmbooks.shop/products/10484,https://www.google.com/search?q=9785990976610,nm_books,2026-03-29
Мария Степанова. Фокус,9785983792715,10.19,https://nmbooks.shop/products/мария-степанова-фокус,https://www.google.com/search?q=9785983792715,nm_books,2026-03-29
Ирина Терпугова. Борджиа. Первая итальянская мафия,9785171628659,12.22,https://nmbooks.shop/products/10497,https://www.google.com/search?q=9785171628659,nm_books,2026-03-29
"Ханна Арендт: Vita Activa, или О деятельной жизни",N/A,34.23,https://nmbooks.shop/products/10005,N/A,nm_books,2026-03-29
"Марион Файоль ""Голый дом""",9785907305670,30.56,https://nmbooks.shop/products/d10547,https://www.google.com/search?q=9785907305670,nm_books,2026-03-29
"Адам Михник, Алексей Навальный ""Диалоги""",N/A,14.26,https://nmbooks.shop/products/10430,N/A,nm_books,2026-03-29
Ниал Фергюсон: Восхождение денег. Финансовая история мира,N/A,24.45,https://nmbooks.shop/products/10343,N/A,nm_books,2026-03-29
Александр Бушковский: Рымба,9785171150945,7.17,https://nmbooks.shop/products/10284,https://www.google.com/search?q=9785171150945,nm_books,2026-03-29
Мадлен Циге: В лесу никто не молчит. Как животные и растения общаются друг с другом,N/A,17.52,https://nmbooks.shop/products/10205,N/A,nm_books,2026-03-29
Леон Юрис. Исход,9785751616212,24.45,https://nmbooks.shop/products/d10468,https://www.google.com/search?q=9785751616212,nm_books,2026-03-29
Борис Акунин. Адвокат Беса,N/A,15.48,https://nmbooks.shop/products/10433,N/A,nm_books,2026-03-29
Нил Прайс. История викингов. Дети ясеня и вяза,9785389184169,18.34,https://nmbooks.shop/products/10475-4,https://www.google.com/search?q=9785389184169,nm_books,2026-03-29
"Андрей Бульбенко, Марта Кайдановская. Сиди и смотри",9785001674559,9.37,https://nmbooks.shop/products/d10557,https://www.google.com/search?q=9785001674559,nm_books,2026-03-29
Кирстен Фукс. Свора девчонок,9785917599410,12.22,https://nmbooks.shop/products/d10556,https://www.google.com/search?q=9785917599410,nm_books,2026-03-29
"Дэвид Маклеллан. Карл Маркс. Человек, изменивший мир",9785389225985,29.34,https://nmbooks.shop/products/10477-6,https://www.google.com/search?q=9785389225985,nm_books,2026-03-29
Дональд Каган. Пелопонесская война,9785002231072,29.34,https://nmbooks.shop/products/10524,https://www.google.com/search?q=9785002231072,nm_books,2026-03-29
Дмитрий Травин. Почему Россия отстала?,9785006300132,14.67,https://nmbooks.shop/products/10504,https://www.google.com/search?q=9785006300132,nm_books,2026-03-29
Марк Доббс. Карточный домик,9785040945474,10.19,https://nmbooks.shop/products/d10548x,https://www.google.com/search?q=9785040945474,nm_books,2026-03-29
Полина Жеребцова. 45-я параллель,9783039740413,22.41,https://nmbooks.shop/products/10442-vac1,https://www.google.com/search?q=9783039740413,nm_books,2026-03-29
Полина Жеребцова. Тонкая серебристая нить,9783907131855,27.5,https://nmbooks.shop/products/10440-vac1,https://www.google.com/search?q=9783907131855,nm_books,2026-03-29
Полина Жеребцова. Тюкины дети,9783039740444,22.41,https://nmbooks.shop/products/10443-vac1,https://www.google.com/search?q=9783039740444,nm_books,2026-03-29
Джин Дюпро. Город Эмбер. Побег,9785389003200,0.0,https://nmbooks.shop/products/10511,https://www.google.com/search?q=9785389003200,nm_books,2026-03-29
"Рэй Монк. ""Оппенгеймер. Жизнь в  центре""",9785850063597,68.25,https://nmbooks.shop/products/d10559,https://www.google.com/search?q=9785850063597,nm_books,2026-03-29
Александр Тимофеевский: Я енот,N/A,15.48,https://nmbooks.shop/products/10211,N/A,nm_books,2026-03-29
Константин Антипов: Я свинья,N/A,15.48,https://nmbooks.shop/products/10213,N/A,nm_books,2026-03-29
Колосок. Украинские народные сказки,N/A,12.22,https://nmbooks.shop/products/10386,N/A,nm_books,2026-03-29
Грибова Любовь: Как вас звать-величать? Белорусские народные сказки,N/A,16.71,https://nmbooks.shop/products/10124,N/A,nm_books,2026-03-29
Алан Серр: Я имею право быть ребенком,N/A,21.19,https://nmbooks.shop/products/10209,N/A,nm_books,2026-03-29
Борис Кузнецов: Я козел,N/A,15.48,https://nmbooks.shop/products/10214,N/A,nm_books,2026-03-29
Елена Коренева: Я белка,N/A,15.48,https://nmbooks.shop/products/10129,N/A,nm_books,2026-03-29
Евгений Клюев. Если хочешь быть красивым. Энциклопедия хотений,9785917599755,12.63,https://nmbooks.shop/products/d10558,https://www.google.com/search?q=9785917599755,nm_books,2026-03-29
Джойс Оутс: Сага о Бельфлерах,N/A,41.56,https://nmbooks.shop/products/10030,N/A,nm_books,2026-03-29
Оскар Уайльд: Великан-эгоист,9785751615499,16.3,https://nmbooks.shop/products/10249,https://www.google.com/search?q=9785751615499,nm_books,2026-03-29
Настя Томская: Черемушки,9785933814078,32.6,https://nmbooks.shop/products/10229,https://www.google.com/search?q=9785933814078,nm_books,2026-03-29
Майя Кастелиц: Мальчик и дом,N/A,8.96,https://nmbooks.shop/products/10183,N/A,nm_books,2026-03-29
Джудит Керр: Мяули. Новые истории из жизни удивительной кошки (дефект обложки),N/A,20.37,https://nmbooks.shop/products/10192,N/A,nm_books,2026-03-29
Джованни Чиварди: Рисование. Полное руководство,9785000575512,22.41,https://nmbooks.shop/products/10208,https://www.google.com/search?q=9785000575512,nm_books,2026-03-29
"Александр Шибаев: Точка, точка, запятая",N/A,11.41,https://nmbooks.shop/products/10138,N/A,nm_books,2026-03-29
Юлия Мазурова: Зеркало Алхимика,9785907423473,18.34,https://nmbooks.shop/products/10416,https://www.google.com/search?q=9785907423473,nm_books,2026-03-29
Юлия Мазурова: Дверь в Англию,9785907423206,18.34,https://nmbooks.shop/products/10415,https://www.google.com/search?q=9785907423206,nm_books,2026-03-29
Ричард Рэнгем: Парадокс добродетели. Странная история взаимоотношений нравственности и насилия в эволюции человека,N/A,31.78,https://nmbooks.shop/products/10045,N/A,nm_books,2026-03-29
Анне-Катрине Вестли: Уле-Александр переезжает,N/A,16.71,https://nmbooks.shop/products/10080,N/A,nm_books,2026-03-29
"Лейла Слимани: Страна других. Книга вторая. Смотрите, как мы танцуем",N/A,23.02,https://nmbooks.shop/products/10335,N/A,nm_books,2026-03-29
Евнухи в Византии. Шон Тафернер,9785171476243,20.37,https://nmbooks.shop/products/10403,https://www.google.com/search?q=9785171476243,nm_books,2026-03-29
"Ниал Фергюсон, Марк Алмонд, Джон Адамсон: Виртуальная история. Альтернативы и предположения",9785171091156,25.67,https://nmbooks.shop/products/10336,https://www.google.com/search?q=9785171091156,nm_books,2026-03-29
"Карин Клеман: Патриотизм снизу. «Как такое возможно, чтобы люди жили так бедно в богатой стране?»",N/A,20.37,https://nmbooks.shop/products/10026,N/A,nm_books,2026-03-29
"Окрест, Бузев, Кувалдин: Она развалилась. Повседневная история СССР и России в 1985-1999 гг.",N/A,20.78,https://nmbooks.shop/products/10052,N/A,nm_books,2026-03-29
Андрей Шарый: Балканы: Окраины империй,N/A,27.3,https://nmbooks.shop/products/10100,N/A,nm_books,2026-03-29
"Йозеф Паздерка: Вторжение: Взгляд из России. Чехословакия, август 1968",N/A,16.3,https://nmbooks.shop/products/10118,N/A,nm_books,2026-03-29
Олег Хлевнюк: Сталин. Жизнь одного вождя,N/A,22.0,https://nmbooks.shop/products/10315,N/A,nm_books,2026-03-29
Сергей Плохий: Потерянное царство. Поход за имперским идеалом и сотворение русской нации (с 1470 г. до наших дней),N/A,29.34,https://nmbooks.shop/products/10027,N/A,nm_books,2026-03-29
Катерина Гордеева: Правила ведения боя. #победитьрак,N/A,27.71,https://nmbooks.shop/products/10106,N/A,nm_books,2026-03-29
Комитет охраны мостов. Дмитрий Захаров,9785171528577,16.3,https://nmbooks.shop/products/10405,https://www.google.com/search?q=9785171528577,nm_books,2026-03-29
"Лев Гудков, Карина Пипия, Наталия Зоркая: Постсоветская молодежь. Предварительные итоги",N/A,20.37,https://nmbooks.shop/products/10380,N/A,nm_books,2026-03-29
Альфред Шклярский: Томек в стране кенгуру,N/A,20.37,https://nmbooks.shop/products/10371,N/A,nm_books,2026-03-29
Софья Багдасарова: Омерзительное искусство. Юмор и хоррор шедевров живописи,N/A,21.96,https://nmbooks.shop/products/10296,N/A,nm_books,2026-03-29
Массимилиано Вирджилио: Американец,9785171070106,15.89,https://nmbooks.shop/products/10414,https://www.google.com/search?q=9785171070106,nm_books,2026-03-29
"Пелам Вудхаус: На помощь, Дживс! Держим удар, Дживс!",N/A,13.85,https://nmbooks.shop/products/10121,N/A,nm_books,2026-03-29
Стивен Фрай: Троя. Величайшее предание в пересказе,N/A,23.63,https://nmbooks.shop/products/10022,N/A,nm_books,2026-03-29
Колм Тойбин: Волшебник,N/A,24.45,https://nmbooks.shop/products/10314,N/A,nm_books,2026-03-29
Ральф Дарендорф: Соблазны несвободы. Интеллектуалы во времена испытаний,N/A,17.11,https://nmbooks.shop/products/10113,N/A,nm_books,2026-03-29
Павел Басинский: Лев Толстой (ЖЗЛ),N/A,24.86,https://nmbooks.shop/products/10007,N/A,nm_books,2026-03-29
"Мэтью Гэбриэль, Дэвид Перри: Светлое Средневековье. Новый взгляд на историю Европы V-XIV веков",N/A,27.71,https://nmbooks.shop/products/10379,N/A,nm_books,2026-03-29
"Филип Боббитт: Щит Ахилла. Война, мир и ход истории. Том первый",N/A,17.11,https://nmbooks.shop/products/10099,N/A,nm_books,2026-03-29
Аркадий Островский: Говорит и показывает Москва,9785170933815,21.8,https://nmbooks.shop/products/10285,https://www.google.com/search?q=9785170933815,nm_books,2026-03-29
"Галина М. Артемьева: Предания, сказки и мифы Западных славян",N/A,14.67,https://nmbooks.shop/products/10104,N/A,nm_books,2026-03-29
Альфред Шклярский: Томек на Черном континенте,N/A,21.19,https://nmbooks.shop/products/10374,N/A,nm_books,2026-03-29
Татьяна Хохрина: Дом общей свободы,N/A,20.78,https://nmbooks.shop/products/10086,N/A,nm_books,2026-03-29
Натали Барнс: Доктор Кто. Дневник путешественника во времени,N/A,17.52,https://nmbooks.shop/products/10006,N/A,nm_books,2026-03-29
"Елена Смешливая, Лана Богомаз: Чему я могу научиться у Анны Ахматовой",N/A,14.26,https://nmbooks.shop/products/10207,N/A,nm_books,2026-03-29
Евгений Водолазкин: Брисбен,N/A,19.15,https://nmbooks.shop/products/10065,N/A,nm_books,2026-03-29
Александр Эткинд: Природа зла. Сырье и государство,N/A,36.26,https://nmbooks.shop/products/10014,N/A,nm_books,2026-03-29
Застолье Петра Вайля,N/A,21.8,https://nmbooks.shop/products/10317,N/A,nm_books,2026-03-29
"Фрай Макс, Бормор Петр, Горалик Линор. Русские инородные сказки-3. Антология",N/A,11.82,https://nmbooks.shop/products/10294,N/A,nm_books,2026-03-29
Уильям Шекспир: Комедии,N/A,22.41,https://nmbooks.shop/products/10097,N/A,nm_books,2026-03-29
Николас Старгардт: Мобилизованная нация. Германия 1939-1945,N/A,33.41,https://nmbooks.shop/products/10369,N/A,nm_books,2026-03-29
Восьмой поверенный. Ренато Баретич,9785919220916,15.48,https://nmbooks.shop/products/d10396,https://www.google.com/search?q=9785919220916,nm_books,2026-03-29
"Мария Швец: Главное в истории русского искусства. Ключевые работы, темы, техники, направления",N/A,14.26,https://nmbooks.shop/products/10117,N/A,nm_books,2026-03-29
Юрген Вольф: Школа литературного и сценарного мастерства. От замысла до результата,N/A,16.3,https://nmbooks.shop/products/10059,N/A,nm_books,2026-03-29
"Моурик, Баранникова: Перевод русского. Дневник фройляйн Мюллер - фрау Иванов",9785040958146,17.93,https://nmbooks.shop/products/10259,https://www.google.com/search?q=9785040958146,nm_books,2026-03-29
Гэри Шмидт: Пока нормально,N/A,26.08,https://nmbooks.shop/products/10067,N/A,nm_books,2026-03-29
Линор Горалик: Холодная вода Венисаны,N/A,11.82,https://nmbooks.shop/products/10297,N/A,nm_books,2026-03-29
Дворец сновидений. Исмаиль Кадарэ,9785604507711,21.19,https://nmbooks.shop/products/10400,https://www.google.com/search?q=9785604507711,nm_books,2026-03-29
Александр Генис: Уроки чтения. Камасутра книжника,N/A,0.0,https://nmbooks.shop/products/d10454,N/A,nm_books,2026-03-29
Екатерина Болтунова: Последний польский король. Коронация Николая I в Варшаве в 1829 году,N/A,41.97,https://nmbooks.shop/products/10048,N/A,nm_books,2026-03-29
"Киф Радден: Ничего не говори. Северная Ирландия. Смута, закулисье, «голоса из могил»",N/A,17.11,https://nmbooks.shop/products/10364,N/A,nm_books,2026-03-29
Лиутпранд Кремонский: Антаподосис. Книга об Оттоне. Отчет о посольстве в Константинополь,9785931653006,12.22,https://nmbooks.shop/products/10258,https://www.google.com/search?q=9785931653006,nm_books,2026-03-29
Роберто Боланьо: 2666,N/A,34.63,https://nmbooks.shop/products/10310,N/A,nm_books,2026-03-29
Анне-Катрине Вестли: Уле-Александр и его друзья,N/A,16.71,https://nmbooks.shop/products/10079,N/A,nm_books,2026-03-29
"Анне-Катрине Вестли: Папа, мама, бабушка и восемь детей в Дании",N/A,16.71,https://nmbooks.shop/products/10081,N/A,nm_books,2026-03-29
"Анне-Катрине Вестли: Папа, мама, бабушка и восемь детей в деревне, или Маленький подарок Антона",N/A,16.71,https://nmbooks.shop/products/10075,N/A,nm_books,2026-03-29
Анне-Катрине Вестли: Опасное путешествие Щепкина,N/A,16.71,https://nmbooks.shop/products/10077,N/A,nm_books,2026-03-29
Масару Ибука: После трех уже поздно,N/A,15.08,https://nmbooks.shop/products/10141,N/A,nm_books,2026-03-29
Линор Горалик: Тайные ходы Венисаны,N/A,12.63,https://nmbooks.shop/products/10300,N/A,nm_books,2026-03-29
Линор Горалик: Двойные мосты Венисаны,N/A,12.63,https://nmbooks.shop/products/10299,N/A,nm_books,2026-03-29
Патрик Модиано: Ночная трава,9785751613044,10.59,https://nmbooks.shop/products/10243,https://www.google.com/search?q=9785751613044,nm_books,2026-03-29
"Дмитрий Глуховский: Метро 2033. Часть 1, 2. Графический роман",N/A,30.56,https://nmbooks.shop/products/10173,N/A,nm_books,2026-03-29
Алексей Иванов: Тени тевтонов,N/A,26.49,https://nmbooks.shop/products/10170,N/A,nm_books,2026-03-29
Пенни Уорнер: 160 развивающих игр для детей от рождения до трех лет,N/A,14.67,https://nmbooks.shop/products/10140,N/A,nm_books,2026-03-29
КГБ против Сахарова. Объект наблюдения,N/A,41.97,https://nmbooks.shop/products/10334,N/A,nm_books,2026-03-29
Николай Заболоцкий: Картонный город: Стихи для детей,N/A,16.3,https://nmbooks.shop/products/10135,N/A,nm_books,2026-03-29
Владимир Сорокин: Теллурия,N/A,22.82,https://nmbooks.shop/products/10143,N/A,nm_books,2026-03-29
Паоло Соррентино: Молодость,N/A,13.45,https://nmbooks.shop/products/10176,N/A,nm_books,2026-03-29
Дэйв Грол: Рассказчик. Воспоминания барабанщика Nirvana и фронтмена Foo Fighters,9785171462420,30.15,https://nmbooks.shop/products/10155,https://www.google.com/search?q=9785171462420,nm_books,2026-03-29
Даниил Туровский: Вторжение. Краткая история русских хакеров,N/A,11.82,https://nmbooks.shop/products/10163,N/A,nm_books,2026-03-29
"Опра Уинфри: Воскресная мудрость. Озарения, меняющие жизнь",9785040916627,18.34,https://nmbooks.shop/products/10263,https://www.google.com/search?q=9785040916627,nm_books,2026-03-29
Пэт Баркер: Безмолвие девушек,N/A,17.52,https://nmbooks.shop/products/10144,N/A,nm_books,2026-03-29
Франц Кафка: Замок. Превращение. Процесс.,N/A,31.37,https://nmbooks.shop/products/10114,N/A,nm_books,2026-03-29
Евгений Водолазкин: Соловьев и Ларионов,N/A,19.15,https://nmbooks.shop/products/10063,N/A,nm_books,2026-03-29
Дарюс Сталюнас: Польша или Русь? Литва в составе Российской империи,N/A,30.36,https://nmbooks.shop/products/10046,N/A,nm_books,2026-03-29
Карел Чапек: Война с саламандрами,N/A,20.37,https://nmbooks.shop/products/10091,N/A,nm_books,2026-03-29
Ханс Рей: Звезды. Новые очертания старых созвездий,N/A,17.72,https://nmbooks.shop/products/10178,N/A,nm_books,2026-03-29
Аркадий Бабченко: Война,9785916713459,13.85,https://nmbooks.shop/products/10271,https://www.google.com/search?q=9785916713459,nm_books,2026-03-29
"Шкляров, Беловранин: Мир, поставленный на паузу. Страхи, надежды и реальность эпохи коронавируса",9785171272593,13.85,https://nmbooks.shop/products/10279,https://www.google.com/search?q=9785171272593,nm_books,2026-03-29
Саша Соколов: Между собакой и волком,9785942828059,15.89,https://nmbooks.shop/products/10269,https://www.google.com/search?q=9785942828059,nm_books,2026-03-29
Сергей Плохий: Забытые бастарды Восточного фронта. Американские летчики в СССР и антигитлеровские коалиции,N/A,28.52,https://nmbooks.shop/products/10044,N/A,nm_books,2026-03-29
Юрий Коваль: Картофельная собака,N/A,18.34,https://nmbooks.shop/products/10136,N/A,nm_books,2026-03-29
Манускрипт Войнича. Сергей Зотов,9785171021443,20.78,https://nmbooks.shop/products/10397,https://www.google.com/search?q=9785171021443,nm_books,2026-03-29
Стинг: Стинг. Сломанная музыка. Автобиография,N/A,18.74,https://nmbooks.shop/products/10388,N/A,nm_books,2026-03-29
Нина Дашевская: Квартетные сказки,9785001673378,19.56,https://nmbooks.shop/products/d10417-1,https://www.google.com/search?q=9785001673378,nm_books,2026-03-29
Мария Парр: Тоня Глиммердал,9785001673200,18.34,https://nmbooks.shop/products/10274,https://www.google.com/search?q=9785001673200,nm_books,2026-03-29
Храпешко. Эрмис Лафазановский,9785000870167,10.59,https://nmbooks.shop/products/10391,https://www.google.com/search?q=9785000870167,nm_books,2026-03-29
Нэнси Коллманн: Россия и ее империя. 1450-1801,N/A,35.86,https://nmbooks.shop/products/10372,N/A,nm_books,2026-03-29
"Лев Соболев: Комментарий к книге Л. Н. Толстого ""Война и мир""",N/A,29.74,https://nmbooks.shop/products/10148,N/A,nm_books,2026-03-29
Хелен Данмор: Изменник,9785906986368,14.67,https://nmbooks.shop/products/10253,https://www.google.com/search?q=9785906986368,nm_books,2026-03-29
Франсуаза Дольто: На стороне ребенка,N/A,27.3,https://nmbooks.shop/products/10107,N/A,nm_books,2026-03-29
Ребекка Смит: Советы Джейн Остин. Благоразумие леди эпохи Фейсбука,N/A,24.45,https://nmbooks.shop/products/10053,N/A,nm_books,2026-03-29
Элизабет Страут:  Оливия Киттеридж,9785864718513,17.11,https://nmbooks.shop/products/10237,https://www.google.com/search?q=9785864718513,nm_books,2026-03-29
"Смит, Темпл: Как работает тело",N/A,44.01,https://nmbooks.shop/products/10193,N/A,nm_books,2026-03-29
Лена Шёберг: Крутые факты о яйцах,N/A,13.04,https://nmbooks.shop/products/10188,N/A,nm_books,2026-03-29
Сьюзи Ходж. Мировое искусство в 100 главных шедеврах,9785002141760,14.26,https://nmbooks.shop/products/10473-6,https://www.google.com/search?q=9785002141760,nm_books,2026-03-29
Эдвард Брук-Хитчинг: Подбрасывание лисиц. И другие забытые и опасные виды спорта,9785444818510,21.19,https://nmbooks.shop/products/10154,https://www.google.com/search?q=9785444818510,nm_books,2026-03-29
Юрий Коваль: Чистый Дор,N/A,15.89,https://nmbooks.shop/products/10131,N/A,nm_books,2026-03-29
Леонид Шмельков: ЫБА! Человек - фантастическая книга игр и загадок,N/A,18.34,https://nmbooks.shop/products/10210,N/A,nm_books,2026-03-29
Джонатан Франзен: Безгрешность,N/A,25.26,https://nmbooks.shop/products/10328,N/A,nm_books,2026-03-29
Робер Мюшембле: Цивилизация запахов. XVI - начало XIX века,N/A,21.19,https://nmbooks.shop/products/10016,N/A,nm_books,2026-03-29
Юлия Гиппенрейтер: Самая важная книга для родителей,N/A,44.82,https://nmbooks.shop/products/10122,N/A,nm_books,2026-03-29
"Кристофер Пирсон: Просто собственность. Ее история на латинском западе. Том 1. Богатство, добродетель и право",9785850061579,31.78,https://nmbooks.shop/products/10266,https://www.google.com/search?q=9785850061579,nm_books,2026-03-29
Элизабет Гилберт: Город женщин,N/A,16.3,https://nmbooks.shop/products/10191,N/A,nm_books,2026-03-29
Виктор Пелевин: Непобедимое Солнце,9785041127848,24.45,https://nmbooks.shop/products/10283,https://www.google.com/search?q=9785041127848,nm_books,2026-03-29
"Гейман, Харрис, Оутс: Все новые сказки",9785171146221,13.2,https://nmbooks.shop/products/10278,https://www.google.com/search?q=9785171146221,nm_books,2026-03-29
Адриана Трижиани: Жена башмачника,N/A,16.71,https://nmbooks.shop/products/10190,N/A,nm_books,2026-03-29
"Элизабет Гилберт: Есть, молиться, любить",N/A,24.45,https://nmbooks.shop/products/10189,N/A,nm_books,2026-03-29
Сергей Иванов: Блаженные похабы,9785171111038,22.41,https://nmbooks.shop/products/10239,https://www.google.com/search?q=9785171111038,nm_books,2026-03-29
"Дюби, Бартелеми, Браунштайн: История частной жизни. Том 2. Европа от феодализма до Ренессанса.",N/A,30.56,https://nmbooks.shop/products/10001,N/A,nm_books,2026-03-29
Вильгельм Гауф: Нищенка с моста искусств,9785751615734,19.56,https://nmbooks.shop/products/10235,https://www.google.com/search?q=9785751615734,nm_books,2026-03-29
"Мадлен Тьен: Не говори, что у нас ничего нет",N/A,40.34,https://nmbooks.shop/products/10109,N/A,nm_books,2026-03-29
Кормак Маккарти. Кровавый меридиан,9785389221697,0.0,https://nmbooks.shop/products/d10466,https://www.google.com/search?q=9785389221697,nm_books,2026-03-29
Джейн Биркин. Дневник обезьянки. 1958-1982 (подержанная),9785907024738,10.19,https://nmbooks.shop/products/d10100,https://www.google.com/search?q=9785907024738,nm_books,2026-03-29
До февраля. Шамиль Идиатуллин,9785171540548,19.56,https://nmbooks.shop/products/10409,https://www.google.com/search?q=9785171540548,nm_books,2026-03-29
Свен Нурдквист: Рождественская каша,N/A,17.93,https://nmbooks.shop/products/10160,N/A,nm_books,2026-03-29
Генрих Гофман: Степка - растрепка,N/A,14.06,https://nmbooks.shop/products/10134,N/A,nm_books,2026-03-29
Джованни Чиварди: Фигура человека в движении. Рисуем по сеткам,N/A,15.48,https://nmbooks.shop/products/10127,N/A,nm_books,2026-03-29
Бенуа Тардиф: Спорторама,N/A,26.49,https://nmbooks.shop/products/10132,N/A,nm_books,2026-03-29
"Эдвард Лир: Про то, чего не может быть",N/A,16.3,https://nmbooks.shop/products/10130,N/A,nm_books,2026-03-29
Себастьян Хафнер: Некто Гитлер. Политика преступления,N/A,22.41,https://nmbooks.shop/products/10009,N/A,nm_books,2026-03-29
"Олаф Кюль. Z - краткая история России, увиденная с ее конца",9783000782220,16.3,https://nmbooks.shop/products/10514,https://www.google.com/search?q=9783000782220,nm_books,2026-03-29
Акунин-Чхартишвили: Аристономия,9785815913431,28.52,https://nmbooks.shop/products/10373,https://www.google.com/search?q=9785815913431,nm_books,2026-03-29
Теему Кескисарья: Ратная дорога на Раате. Драма одного сражения Зимней войны (1939–1940),N/A,26.49,https://nmbooks.shop/products/10171,N/A,nm_books,2026-03-29
Тим Фланнери. Европа. Естественная история. От возникновения до настоящего и немного дальше,N/A,25.67,https://nmbooks.shop/products/10381,N/A,nm_books,2026-03-29
Александр Секацкий. Путеводитель по философии,9785517107077,16.3,https://nmbooks.shop/products/александр-секаций-путеводитель-по-философии,https://www.google.com/search?q=9785517107077,nm_books,2026-03-29
Сергей Плохий: Чернобыль. История ядерной катастрофы,N/A,21.19,https://nmbooks.shop/products/10298,N/A,nm_books,2026-03-29
Линор Горалик: Имени такого-то,N/A,16.71,https://nmbooks.shop/products/10034,N/A,nm_books,2026-03-29
Леонид Еленин. Кометы - странники солнечной системы,9785041813758,14.67,https://nmbooks.shop/products/леонид-еленин-кометы-странники-солнечной-системы,https://www.google.com/search?q=9785041813758,nm_books,2026-03-29
Питер Померанцев: Это не пропаганда. Хроники мировой войны с реальностью,N/A,18.34,https://nmbooks.shop/products/10165,N/A,nm_books,2026-03-29
Ниал Фергюсон: Злой рок. Политика катастроф.,9785171369149,27.3,https://nmbooks.shop/products/10411,https://www.google.com/search?q=9785171369149,nm_books,2026-03-29
Егор Гайдар. Гибель империи,9785170896554,18.34,https://nmbooks.shop/products/10529,https://www.google.com/search?q=9785170896554,nm_books,2026-03-29
Татьяна Устинова: Я скунс,N/A,15.48,https://nmbooks.shop/products/10222,N/A,nm_books,2026-03-29
Елена Тудоровская: Троянская война и её герои. Приключения Одиссея,N/A,19.56,https://nmbooks.shop/products/10061,N/A,nm_books,2026-03-29
"Ричард Докинз ""Огарок во тьме. Моя жизнь в науке""",9785171456542,16.3,https://nmbooks.shop/products/10494,https://www.google.com/search?q=9785171456542,nm_books,2026-03-29
Тамара Эйдельман. Право на жизнь. История смертной казни,9785001395850,20.37,https://nmbooks.shop/products/10512,https://www.google.com/search?q=9785001395850,nm_books,2026-03-29
Лейла Слимани: Страна других. Рождество под кипарисами,N/A,21.19,https://nmbooks.shop/products/10326,N/A,nm_books,2026-03-29
Джонатан Франзен: Перекрестки,N/A,26.08,https://nmbooks.shop/products/10324,N/A,nm_books,2026-03-29
"Меган Брендоу-Фаллер, Джеймс Брайан, Валентина Боретти:  Дизайн детства. Игрушки и материальная культура детства с 1700 года до наших дней",N/A,24.45,https://nmbooks.shop/products/10029,N/A,nm_books,2026-03-29
"Мика Риссанен, Юха Тахванайнен: История пива: От монастырей до спортбаров",N/A,19.56,https://nmbooks.shop/products/10103,N/A,nm_books,2026-03-29
Виктор Пелевин: Чапаев и Пустота,N/A,25.67,https://nmbooks.shop/products/10033,N/A,nm_books,2026-03-29
"Борис Беленкин. ""Мемориал"". Отнятый дом",9788097468309,24.45,https://nmbooks.shop/products/борис-беленкин-мемориал-отнятый-дом,https://www.google.com/search?q=9788097468309,nm_books,2026-03-29
Джеймс Хэрриотт:  О всех созданиях  - больших и малых,9785389178458,17.32,https://nmbooks.shop/products/10224,https://www.google.com/search?q=9785389178458,nm_books,2026-03-29
Андрей Шарый: Чешское время. Большая история маленькой страны. От святого Вацлава до Вацлава Гавела,N/A,30.97,https://nmbooks.shop/products/10305,N/A,nm_books,2026-03-29
Уильям Шекспир: Ромео и Джульетта. Трагедии,N/A,31.37,https://nmbooks.shop/products/10096,N/A,nm_books,2026-03-29
Тамара Эйдельман. Как работает пропаганда,9785604072141,11.41,https://nmbooks.shop/products/10527,https://www.google.com/search?q=9785604072141,nm_books,2026-03-29
Юрий Фельштинский. Троцкий против Сталина. Эмигрантский архив Льва Троцкого (4 тома),9783910741324,73.34,https://nmbooks.shop/products/юрий-фельштинский-тройкий-против-сталина-эмигрантский-архив-льва-троцкого-4-тома,https://www.google.com/search?q=9783910741324,nm_books,2026-03-29
Андрей Максимов: Я лев,N/A,15.48,https://nmbooks.shop/products/10219,N/A,nm_books,2026-03-29
Борис Грачевский: Я мартышка,N/A,15.48,https://nmbooks.shop/products/10220,N/A,nm_books,2026-03-29
Стас Садальский: Я английский бульдог,N/A,15.48,https://nmbooks.shop/products/10212,N/A,nm_books,2026-03-29
Дмитрий Быков: Я вомбат,N/A,15.48,https://nmbooks.shop/products/10215,N/A,nm_books,2026-03-29
Оксана Коростышевская: Я выхухоль,N/A,15.48,https://nmbooks.shop/products/10216,N/A,nm_books,2026-03-29
Елизавета Зорина: Я бабочка,N/A,15.48,https://nmbooks.shop/products/10126,N/A,nm_books,2026-03-29
"Линор Горалик ""Бобо""",9788069096110,26.49,https://nmbooks.shop/products/n0108,https://www.google.com/search?q=9788069096110,nm_books,2026-03-29
"Владимир Сорокин ""Сказка"" (твердая обложка)",9781326417239,22.41,https://nmbooks.shop/products/n0112,https://www.google.com/search?q=9781326417239,nm_books,2026-03-29
"Анна Наринская ""Ничего подобного""",9789659320431,16.3,https://nmbooks.shop/products/n0110,https://www.google.com/search?q=9789659320431,nm_books,2026-03-29
"Джулия Дональдсон ""Груффало""",9785001910022,11.41,https://nmbooks.shop/products/n0191,https://www.google.com/search?q=9785001910022,nm_books,2026-03-29
"Жозе Жоржи Летриа ""Война""",9785001673736,20.37,https://nmbooks.shop/products/n0146,https://www.google.com/search?q=9785001673736,nm_books,2026-03-29
"Оксана Куропаткина ""Верю — не верю. Книга-тест по религиям и философиям""",9785001671923,14.26,https://nmbooks.shop/products/n0145,https://www.google.com/search?q=9785001671923,nm_books,2026-03-29
"Пак Юнсан ""Бубу и его друзья""",9785907305687,14.67,https://nmbooks.shop/products/n0144,https://www.google.com/search?q=9785907305687,nm_books,2026-03-29
"Толоза Систере Мариона ""Тайная жизнь вирусов""",9785001671466,18.34,https://nmbooks.shop/products/n0170,https://www.google.com/search?q=9785001671466,nm_books,2026-03-29
"Толоза Систере Мариона ""Тайная жизнь зубов""",9785001676041,18.34,https://nmbooks.shop/products/n0171,https://www.google.com/search?q=9785001676041,nm_books,2026-03-29
"Толоза Систере Мариона ""Тайная жизнь волос""",9785001676034,18.34,https://nmbooks.shop/products/n0172,https://www.google.com/search?q=9785001676034,nm_books,2026-03-29
"Толоза Систере Мариона ""Тайная жизнь пуков и отрыжки""",9785001676041,18.34,https://nmbooks.shop/products/n0173,https://www.google.com/search?q=9785001676041,nm_books,2026-03-29
"Ротраут Сюзанна Бернер ""Большой словарь Городка""",9785001677277,28.52,https://nmbooks.shop/products/n0189,https://www.google.com/search?q=9785001677277,nm_books,2026-03-29
"Аня и Варя Кендель, Ольга Патрушева ""Смотри! Байкал. Книга-путешествие""",9785001674535,28.52,https://nmbooks.shop/products/n0188,https://www.google.com/search?q=9785001674535,nm_books,2026-03-29
"Алексей Олейников ""Горе от ума. Графический путеводитель""",9785917599328,17.11,https://nmbooks.shop/products/n0187,https://www.google.com/search?q=9785917599328,nm_books,2026-03-29
"Александра Поливанова, Александра Кувшинова, Ольга Лебедева ""25 августа""",9785001670032,12.22,https://nmbooks.shop/products/n0186,https://www.google.com/search?q=9785001670032,nm_books,2026-03-29
"Мария Парр ""Оскар и я""",9782940788033,16.3,https://nmbooks.shop/products/n0185,https://www.google.com/search?q=9782940788033,nm_books,2026-03-29
"Свен Нурдквист ""Петсон и Финдус решают кроссворд""",9785001142522,8.56,https://nmbooks.shop/products/n0184,https://www.google.com/search?q=9785001142522,nm_books,2026-03-29
"Свен  Нурдквист ""Петсон и Финдус на природе""",9785001143888,8.56,https://nmbooks.shop/products/n0183,https://www.google.com/search?q=9785001143888,nm_books,2026-03-29
"Руне Белсвик ""Простодурсен. Зима от начала до конца""",9785001670452,17.11,https://nmbooks.shop/products/n0182,https://www.google.com/search?q=9785001670452,nm_books,2026-03-29
"Руне Белсвик ""Простодурсен. Лето и кое-что ещё""",9785917594811,18.34,https://nmbooks.shop/products/n0181,https://www.google.com/search?q=9785917594811,nm_books,2026-03-29
"Януш Корчак ""Лето в Михалувке и в Вильгельмувке""",9785001671152,14.26,https://nmbooks.shop/products/n0180,https://www.google.com/search?q=9785001671152,nm_books,2026-03-29
"Дино Буццати ""Невероятное нашествие медведей на Сицилию""",9785917598482,16.3,https://nmbooks.shop/products/n0179,https://www.google.com/search?q=9785917598482,nm_books,2026-03-29
"Роальд Даль ""Чарли и шоколадная фабрика""",9785001672319,10.19,https://nmbooks.shop/products/n0178,https://www.google.com/search?q=9785001672319,nm_books,2026-03-29
"Роальд Даль ""Чарли и большой стеклянный лифт""",9785917595276,18.34,https://nmbooks.shop/products/n0177,https://www.google.com/search?q=9785917595276,nm_books,2026-03-29
"Джулия Дональдсон ""Улитка и кит""",9785001910039,11.41,https://nmbooks.shop/products/n0176,https://www.google.com/search?q=9785001910039,nm_books,2026-03-29
"Эрже ""Тинтин в стране Советов""",9785907305649,20.37,https://nmbooks.shop/products/n0175,https://www.google.com/search?q=9785907305649,nm_books,2026-03-29
"Доминик Адель-Кассуто ""Тело — мой друг и враг""",9785001675563,18.34,https://nmbooks.shop/products/n0174,https://www.google.com/search?q=9785001675563,nm_books,2026-03-29
"Джулия Дональдсон ""Суперчервячок""",9785907022829,11.41,https://nmbooks.shop/products/n0169,https://www.google.com/search?q=9785907022829,nm_books,2026-03-29
"Даниэль Пеннак ""Собака пёс""",9785001671275,18.34,https://nmbooks.shop/products/n0168,https://www.google.com/search?q=9785001671275,nm_books,2026-03-29
"Александр Уткин ""Сказки Гамаюн""",9785907305472,20.37,https://nmbooks.shop/products/n0167,https://www.google.com/search?q=9785907305472,nm_books,2026-03-29
"Александр Уткин ""Сказки Гамаюн 2""",9785907305489,20.37,https://nmbooks.shop/products/n0166,https://www.google.com/search?q=9785907305489,nm_books,2026-03-29
"Виталий Бианки ""Мышонок Пик и другие рассказы""",N/A,16.3,https://nmbooks.shop/products/n0165,N/A,nm_books,2026-03-29
"Виктор Сонькин ""Мы живём в Древнем Риме""",9785907471788,22.41,https://nmbooks.shop/products/n0162,https://www.google.com/search?q=9785907471788,nm_books,2026-03-29
"Евгения Суслова ""Мы живём в эпоху Петра I""",9785907471481,22.41,https://nmbooks.shop/products/n0164,https://www.google.com/search?q=9785907471481,nm_books,2026-03-29
"Ирина Серкова ""Мы живём в эпоху Отечественной войны 1812 года""",9785907471504,22.41,https://nmbooks.shop/products/n0163,https://www.google.com/search?q=9785907471504,nm_books,2026-03-29
"Дильшат Харман ""Мы живём в Древнем Новгороде""",9785907793606,22.41,https://nmbooks.shop/products/n0161,https://www.google.com/search?q=9785907793606,nm_books,2026-03-29
"Сергей Дмитриев ""Мы живём в Древнем Китае""",9785907471924,22.41,https://nmbooks.shop/products/n0160,https://www.google.com/search?q=9785907471924,nm_books,2026-03-29
"Туве Янссон ""Муми-тролль и конец света""",9785907305144,11.41,https://nmbooks.shop/products/n0159,https://www.google.com/search?q=9785907305144,nm_books,2026-03-29
"Роальд Даль ""Матильда""",9785001672197,17.52,https://nmbooks.shop/products/роальд-даль-матильда,https://www.google.com/search?q=9785001672197,nm_books,2026-03-29
"Мария Астрина ""Математика. История идей и открытий""",9785604592274,20.37,https://nmbooks.shop/products/n0157,https://www.google.com/search?q=9785604592274,nm_books,2026-03-29
"Бьёрн Рёрвик, Пер Дюбвиг  ""Лесной квест""",9785001676317,18.34,https://nmbooks.shop/products/n0156,https://www.google.com/search?q=9785001676317,nm_books,2026-03-29
"Ульф Нильсон ""Комиссар Гордон. Ещё одно дельце""",9785917597331,12.22,https://nmbooks.shop/products/n0155,https://www.google.com/search?q=9785917597331,nm_books,2026-03-29
"Александра Мизелиньская, Даниэль Мизелиньский ""Карты. Путешествие в картинках по континентам, морям и культурам мира""",9785917598680,36.67,https://nmbooks.shop/products/n0154,https://www.google.com/search?q=9785917598680,nm_books,2026-03-29
"Катерина Януш ""Как я появился на свет""",9785001140801,14.26,https://nmbooks.shop/products/катерина-януш-как-я-появился-на-свет,https://www.google.com/search?q=9785001140801,nm_books,2026-03-29
"Даниэль Пеннак ""Как роман""",9785001675853,14.26,https://nmbooks.shop/products/n0152,https://www.google.com/search?q=9785001675853,nm_books,2026-03-29
"Бьёрн Рёрвик, Пер Дюбвиг ""Как Поросёнок болел леопардозом""",9785001671619,18.34,https://nmbooks.shop/products/n0151,https://www.google.com/search?q=9785001671619,nm_books,2026-03-29
"Свен Нурдквист ""История о том, как Финдус потерялся, когда был маленьким""",9785001143369,11.41,https://nmbooks.shop/products/n0150,https://www.google.com/search?q=9785001143369,nm_books,2026-03-29
"Елена Лестр ""Драконы великие и ужасные"" (новое издание)",9785912084904,24.45,https://nmbooks.shop/products/n0149,https://www.google.com/search?q=9785912084904,nm_books,2026-03-29
"Свен Нурдквист ""Дорога домой""",9785001144229,18.34,https://nmbooks.shop/products/n0148,https://www.google.com/search?q=9785001144229,nm_books,2026-03-29
"Петр Соха, Войцех Грайковский ""Деревья""",9785917597119,44.82,https://nmbooks.shop/products/n0190,https://www.google.com/search?q=9785917597119,nm_books,2026-03-29
"Мария Бершадская ""Большая маленькая девочка. Книга 2"" (истории 7-12)",N/A,20.37,https://nmbooks.shop/products/n0143,N/A,nm_books,2026-03-29
"Льюис Кэрролл ""Алиса в Стране чудес. Алиса за зеркалом""",9785917595986,38.71,https://nmbooks.shop/products/n0139,https://www.google.com/search?q=9785917595986,nm_books,2026-03-29
"Жак Эрс ""История крестовых походов""",9785807104335,16.3,https://nmbooks.shop/products/n0142,https://www.google.com/search?q=9785807104335,nm_books,2026-03-29
"Жак Эрс ""Рождение капитализма в средние века""",9785918521847,16.3,https://nmbooks.shop/products/n0141,https://www.google.com/search?q=9785918521847,nm_books,2026-03-29
"Сэм Грин, Грэм Робертсон ""Кто здесь власть? Граждане, государство и борьба за Россию""",9785171228545,18.34,https://nmbooks.shop/products/n0062,https://www.google.com/search?q=9785171228545,nm_books,2026-03-29
"Арман Леруа ""Лагуна. Как Аристотель придумал науку""",9785179831884,26.49,https://nmbooks.shop/products/n0063,https://www.google.com/search?q=9785179831884,nm_books,2026-03-29
"Валерий Шубинский ""Ломоносов: Всероссийский человек""",9785171633318,27.3,https://nmbooks.shop/products/n0064,https://www.google.com/search?q=9785171633318,nm_books,2026-03-29
"Гаэль Фай ""Маленькая страна""",9785171050016,11.82,https://nmbooks.shop/products/n0065,https://www.google.com/search?q=9785171050016,nm_books,2026-03-29
"Кэтрин Зубович ""Москва монументальная. Высотки и городская жизнь в эпоху сталинизма""",9785171374457,26.49,https://nmbooks.shop/products/n0066,https://www.google.com/search?q=9785171374457,nm_books,2026-03-29
"Салман Рушди ""Нож""",9785171610289,13.04,https://nmbooks.shop/products/n0067,https://www.google.com/search?q=9785171610289,nm_books,2026-03-29
"Бретт Скотт ""Облачные деньги""",N/A,21.19,https://nmbooks.shop/products/n0068,N/A,nm_books,2026-03-29
"Майкл Волф ""Огонь и ярость""",9785171080488,20.37,https://nmbooks.shop/products/n0069,https://www.google.com/search?q=9785171080488,nm_books,2026-03-29
"Владимир Сорокин ""Пир""",9785171272883,19.97,https://nmbooks.shop/products/n0070,https://www.google.com/search?q=9785171272883,nm_books,2026-03-29
"Филип Норман ""Пол Маккартни. Биография""",9785171009892,42.78,https://nmbooks.shop/products/n0071,https://www.google.com/search?q=9785171009892,nm_books,2026-03-29
"Ричард Докинз ""Полеты воображения. Разум и эволюция против гравитации""",9785171489311,33.0,https://nmbooks.shop/products/n0072,https://www.google.com/search?q=9785171489311,nm_books,2026-03-29
"Одед Галор ""Путь человечества""",9785171361006,18.34,https://nmbooks.shop/products/n0074,https://www.google.com/search?q=9785171361006,nm_books,2026-03-29
"Владимир Сорокин ""Роман""",9785171458034,26.49,https://nmbooks.shop/products/n0075,https://www.google.com/search?q=9785171458034,nm_books,2026-03-29
"Майя Кучерская ""Современный патерик. Чтение для впавших в уныние""",9785171614430,12.22,https://nmbooks.shop/products/n0076,https://www.google.com/search?q=9785171614430,nm_books,2026-03-29
"Уолтер Айзексон ""Стив Джобс""",9785170778713,30.56,https://nmbooks.shop/products/n0077,https://www.google.com/search?q=9785170778713,nm_books,2026-03-29
"Матиас Мальзьё ""Фарфоровый солдат""",9785171538279,12.63,https://nmbooks.shop/products/n0078,https://www.google.com/search?q=9785171538279,nm_books,2026-03-29
"Карло Чиполла ""Фундаментальные законы человеческой глупости""",9785171232092,11.41,https://nmbooks.shop/products/n0079,https://www.google.com/search?q=9785171232092,nm_books,2026-03-29
"Нил Ашерсон ""Черное море. Колыбель цивилизации и варварства""",9785170933822,19.97,https://nmbooks.shop/products/n0080,https://www.google.com/search?q=9785170933822,nm_books,2026-03-29
"Юрий Слезкин ""Эра Меркурия. Евреи в современном мире""",9785171091989,27.3,https://nmbooks.shop/products/n0081,https://www.google.com/search?q=9785171091989,nm_books,2026-03-29
"Петер Фламм ""Я?""",9785171581602,12.22,https://nmbooks.shop/products/n0082,https://www.google.com/search?q=9785171581602,nm_books,2026-03-29
"Константин Зарубин ""Повести л-ских писателей""",9785171533953,15.08,https://nmbooks.shop/products/n0083,https://www.google.com/search?q=9785171533953,nm_books,2026-03-29
"Энрике Короминас, Оскар Уайльд ""Дориан Грей"" Графический роман",9785002142903,17.93,https://nmbooks.shop/products/n0084,https://www.google.com/search?q=9785002142903,nm_books,2026-03-29
"Шахида Араби ""Токсичные люди. Как защититься от нарциссов, газлайтеров, психопатов и других манипуляторов""",9785001952114,13.24,https://nmbooks.shop/products/n0085,https://www.google.com/search?q=9785001952114,nm_books,2026-03-29
"Эми Джонсон ""Токсичные мысли. Как перестать зацикливаться на негативе и успокоить ум""",9785001955221,14.26,https://nmbooks.shop/products/n0086,https://www.google.com/search?q=9785001955221,nm_books,2026-03-29
"Ольга Алленова ""Форпост. Беслан и его заложники""",9785604262788,8.15,https://nmbooks.shop/products/n0087,https://www.google.com/search?q=9785604262788,nm_books,2026-03-29
"Алексей Алёхин ""Мясорубка. Как Россия полюбила кровавый спорт""",9785907696860,17.11,https://nmbooks.shop/products/n0088,https://www.google.com/search?q=9785907696860,nm_books,2026-03-29
Кира Ярмыш «Тут недалеко»,9789934925573,29.34,https://nmbooks.shop/products/n0089,https://www.google.com/search?q=9789934925573,nm_books,2026-03-29
"Саймон Шустер ""Шоумен: Владимир Зеленский и война в Украине""",9789934925542,25.47,https://nmbooks.shop/products/n0090,https://www.google.com/search?q=9789934925542,nm_books,2026-03-29
"Дима Зицер ""Любовь в условиях турбулентности""",9789934925535,24.45,https://nmbooks.shop/products/n0091,https://www.google.com/search?q=9789934925535,nm_books,2026-03-29
Женя Бережная. «(Не) о войне»,9789934921681,25.47,https://nmbooks.shop/products/n0092,https://www.google.com/search?q=9789934921681,nm_books,2026-03-29
"Александр Роднянский ""Нелюбовь. О путинской России в девяти фильмах""",9789934925528,26.49,https://nmbooks.shop/products/n0093,https://www.google.com/search?q=9789934925528,nm_books,2026-03-29
"Павел Кушнир ""Биробиджанский дневник""",9789934925566,26.49,https://nmbooks.shop/products/n0094,https://www.google.com/search?q=9789934925566,nm_books,2026-03-29
"Екатерина Гордеева ""Унеси ты мое горе""",9789934921605,26.49,https://nmbooks.shop/products/n0095,https://www.google.com/search?q=9789934921605,nm_books,2026-03-29
"Женя Беркович ""Питомцы""",9783000799143,24.45,https://nmbooks.shop/products/n0096,https://www.google.com/search?q=9783000799143,nm_books,2026-03-29
"Михаил Зыгарь ""Война и наказание""",9789934239465,25.26,https://nmbooks.shop/products/n0098,https://www.google.com/search?q=9789934239465,nm_books,2026-03-29
"Антон Долин ""Плохие русские. Кино от «Брата» до «Слова пацана»""",9789934921643,25.26,https://nmbooks.shop/products/n0099,https://www.google.com/search?q=9789934921643,nm_books,2026-03-29
Константин Зарубин. «Наше сердце бьется за всех»,9789934921674,19.15,https://nmbooks.shop/products/n0100,https://www.google.com/search?q=9789934921674,nm_books,2026-03-29
"Михаил Зыгарь ""Темная сторона Земли. История о том, как советский народ победил Советский Союз""",9789934936012,34.63,https://nmbooks.shop/products/n0101,https://www.google.com/search?q=9789934936012,nm_books,2026-03-29
"Константин Гаазе ""Куда дрейфуют диктатуры""",9789934936036,32.6,https://nmbooks.shop/products/n0102,https://www.google.com/search?q=9789934936036,nm_books,2026-03-29
"Антон Долин ""50""",9789934936043,34.63,https://nmbooks.shop/products/n0103,https://www.google.com/search?q=9789934936043,nm_books,2026-03-29
"Александр Горбачев ""Когда мы поём, поднимается ветер. Краткая история популярной музыки в России XXI века""",9789934936029,34.63,https://nmbooks.shop/products/n0105,https://www.google.com/search?q=9789934936029,nm_books,2026-03-29
"Сергей Кузнецов ""Мясорубка Мосса""",9789934936005,32.6,https://nmbooks.shop/products/n0104,https://www.google.com/search?q=9789934936005,nm_books,2026-03-29
"Илья Венявкин ""Храм войны. Люди и их идеи, сделавшие возможным российское вторжение в Украину""",9789934925597,32.6,https://nmbooks.shop/products/n0106,https://www.google.com/search?q=9789934925597,nm_books,2026-03-29
"Дмитрий Дурнев ""Дом на линии огня""",9789934925580,32.6,https://nmbooks.shop/products/n0107,https://www.google.com/search?q=9789934925580,nm_books,2026-03-29
"Евгений Деменок ""Уехать нельзя остаться""",9789659320417,24.45,https://nmbooks.shop/products/n0109,https://www.google.com/search?q=9789659320417,nm_books,2026-03-29
"Людмила Улицкая ""Искренне Ваш Шурик""",9785170939329,7.74,https://nmbooks.shop/products/n0059,https://www.google.com/search?q=9785170939329,nm_books,2026-03-29
"Людмила Улицкая ""Казус Кукоцкого""",9785170902972,9.37,https://nmbooks.shop/products/n0060,https://www.google.com/search?q=9785170902972,nm_books,2026-03-29
"Борис Житков ""Виктор Вавич""",9789659312580,20.37,https://nmbooks.shop/products/n0111,https://www.google.com/search?q=9789659312580,nm_books,2026-03-29
"Владимир Сорокин ""Сказка"" (мягкая обложка)",9781326428655,20.37,https://nmbooks.shop/products/n0113,https://www.google.com/search?q=9781326428655,nm_books,2026-03-29
"Ольга Романова ""Игра в бутылочку""",9781779680310,20.37,https://nmbooks.shop/products/n0114,https://www.google.com/search?q=9781779680310,nm_books,2026-03-29
"Хаим Бен Яков ""Чемодан, вокзал, Израиль. К истории антисемитизма в СССР"". Предисловие Тамары Эйдельман и Давида Маркиша",9781326939434,20.37,https://nmbooks.shop/products/n0115,https://www.google.com/search?q=9781326939434,nm_books,2026-03-29
"Натан Щаранский ""Не убоюсь зла""",9781998084937,20.37,https://nmbooks.shop/products/n0116,https://www.google.com/search?q=9781998084937,nm_books,2026-03-29
"Дмитрий Быков ""Новый браунинг""",9781998265008,17.11,https://nmbooks.shop/products/n0117,https://www.google.com/search?q=9781998265008,nm_books,2026-03-29
"Дмитрий Быков ""Демон поверженный""",9781300802068,20.37,https://nmbooks.shop/products/n0118,https://www.google.com/search?q=9781300802068,nm_books,2026-03-29
"Дмитрий Быков ""VZ. Три года войны""",9781326613617,20.37,https://nmbooks.shop/products/n0222,https://www.google.com/search?q=9781326613617,nm_books,2026-03-29
"Дмитрий Быков ""Дуга""",9781326573027,20.37,https://nmbooks.shop/products/n0119,https://www.google.com/search?q=9781326573027,nm_books,2026-03-29
"Дмитрий Быков ""Подъем""",9781326382544,16.3,https://nmbooks.shop/products/n0120,https://www.google.com/search?q=9781326382544,nm_books,2026-03-29
"Дмитрий Быков ""ЖД""",9781998084739,36.67,https://nmbooks.shop/products/n0121,https://www.google.com/search?q=9781998084739,nm_books,2026-03-29
"Сергей Давыдов ""Спрингфилд""",9780993820267,17.11,https://nmbooks.shop/products/n0122,https://www.google.com/search?q=9780993820267,nm_books,2026-03-29
"Александр Генис ""Амеррика""",9781326517304,20.37,https://nmbooks.shop/products/n0123,https://www.google.com/search?q=9781326517304,nm_books,2026-03-29
"Иван Филиппов ""Мышь""",9781998265145,24.45,https://nmbooks.shop/products/n0124,https://www.google.com/search?q=9781998265145,nm_books,2026-03-29
"Иван Филиппов ""Тень""",9781326575267,24.45,https://nmbooks.shop/products/n0125,https://www.google.com/search?q=9781326575267,nm_books,2026-03-29
"Олеся Герасименко ""Не закрывай глаза""",9781326322731,19.56,https://nmbooks.shop/products/n0126,https://www.google.com/search?q=9781326322731,nm_books,2026-03-29
"Людмила Штерн ""Бродский: Ося, Иосиф, Joseph""",9781998084524,20.37,https://nmbooks.shop/products/n0127,https://www.google.com/search?q=9781998084524,nm_books,2026-03-29
"Андрей Мовчан ""От войны до войны""",9781998265329,26.49,https://nmbooks.shop/products/n0128,https://www.google.com/search?q=9781998265329,nm_books,2026-03-29
"Андрей Козырев ""Жар-птица. Кто предал российскую демократию""",9781445215297,30.56,https://nmbooks.shop/products/n0129,https://www.google.com/search?q=9781445215297,nm_books,2026-03-29
"Михаил Крутихин ""Игра в революцию. Иранские агенты Кремля""",9781445269580,18.34,https://nmbooks.shop/products/n0130,https://www.google.com/search?q=9781445269580,nm_books,2026-03-29
"Анастасия Полозкова ""Конец свободной эпохи. Голоса российского феминизма""",9781445261553,20.37,https://nmbooks.shop/products/n0131,https://www.google.com/search?q=9781445261553,nm_books,2026-03-29
"Александра Прокопенко ""Соучастники. Почему российская элита выбрала войну""",9786250010068,26.49,https://nmbooks.shop/products/n0132,https://www.google.com/search?q=9786250010068,nm_books,2026-03-29
"Андрей Захаров ""Русский киберпанк. Как Кремль и олигархи строят «цифровой ГУЛАГ» — и кто этому сопротивляется""",9781969573217,25.26,https://nmbooks.shop/products/n0133,https://www.google.com/search?q=9781969573217,nm_books,2026-03-29
"Ксения Лученко ""Благими намерениями. Русская православная Церковь и власть от Горбачева до Путина""",9786018225765,32.6,https://nmbooks.shop/products/n0134,https://www.google.com/search?q=9786018225765,nm_books,2026-03-29
"Сергей Алексашенко ""Шанс: Америка-Россия""",9786010697430,24.45,https://nmbooks.shop/products/n0135,https://www.google.com/search?q=9786010697430,nm_books,2026-03-29
"Алексей Навальный ""Патриот""",9786098347005,28.12,https://nmbooks.shop/products/n0136,https://www.google.com/search?q=9786098347005,nm_books,2026-03-29
"Энн Эпплбаум ""Корпорация Автократия""",9786098347036,34.63,https://nmbooks.shop/products/n0137,https://www.google.com/search?q=9786098347036,nm_books,2026-03-29
"Бьёрн Рёрвик ""Акулиска враг редиски и другие истории о Лисе и Поросёнке""",9785917598284,18.34,https://nmbooks.shop/products/n0138,https://www.google.com/search?q=9785917598284,nm_books,2026-03-29
"Билл Франсуа ""Красноречие сардинки""",9785171220334,17.52,https://nmbooks.shop/products/n0061,https://www.google.com/search?q=9785171220334,nm_books,2026-03-29
"Аньес Мартен-Люган ""Дом на берегу океана, где мы были счастливы""",9785171504878,11.0,https://nmbooks.shop/products/n0058,https://www.google.com/search?q=9785171504878,nm_books,2026-03-29
"Мойзес Наим ""Два шпиона в Каракасе""",9785171200763,4.89,https://nmbooks.shop/products/n0057,https://www.google.com/search?q=9785171200763,nm_books,2026-03-29
"Людмила Улицкая ""Даниэль Штайн, переводчик""",9785171094218,9.37,https://nmbooks.shop/products/n0056,https://www.google.com/search?q=9785171094218,nm_books,2026-03-29
"Салман Рушди ""Восток, Запад""",9785171635152,13.45,https://nmbooks.shop/products/n0055,https://www.google.com/search?q=9785171635152,nm_books,2026-03-29
"Валерий Шубинский ""Владислав Ходасевич. Чающий и говорящий""",9785171460761,26.49,https://nmbooks.shop/products/n0054,https://www.google.com/search?q=9785171460761,nm_books,2026-03-29
"Владимир Набоков ""Взгляни на арлекинов!""",9785171537944,5.7,https://nmbooks.shop/products/n0053,https://www.google.com/search?q=9785171537944,nm_books,2026-03-29
"Мария Конникова ""Величайший блеф""",9785171347161,19.97,https://nmbooks.shop/products/n0052,https://www.google.com/search?q=9785171347161,nm_books,2026-03-29
"Патрик де Витт ""Библиотекарист""",9785171577322,16.09,https://nmbooks.shop/products/n0051,https://www.google.com/search?q=9785171577322,nm_books,2026-03-29
"Надя Алексеева ""Белград""",9785171655921,15.48,https://nmbooks.shop/products/n0050,https://www.google.com/search?q=9785171655921,nm_books,2026-03-29
"Оуэн Мэтьюс ""Безупречный шпион""",9785171217778,23.43,https://nmbooks.shop/products/n0049,https://www.google.com/search?q=9785171217778,nm_books,2026-03-29
"Марина Степнова ""Безбожный переулок""",9785171274467,7.33,https://nmbooks.shop/products/n0048,https://www.google.com/search?q=9785171274467,nm_books,2026-03-29
"Наталья Конрадова ""Археология русского интернета""",9785171364991,15.89,https://nmbooks.shop/products/n0047,https://www.google.com/search?q=9785171364991,nm_books,2026-03-29
"Уолтер Айзексон ""Альберт Эйнштейн. Его жизнь и его Вселенная""",9785170796359,30.97,https://nmbooks.shop/products/n0046,https://www.google.com/search?q=9785170796359,nm_books,2026-03-29
"Брюс Чатвин, Йозеф Рот, Хеннинг Кейлер ""Вниз по Волге""",9785911036805,9.78,https://nmbooks.shop/products/n0044,https://www.google.com/search?q=9785911036805,nm_books,2026-03-29
"Йозеф Рот ""Путешествие в Россию""",9785911037727,9.78,https://nmbooks.shop/products/n0043,https://www.google.com/search?q=9785911037727,nm_books,2026-03-29
"Флориан Иллиес ""1913. Лето целого века""",9785911034436,13.45,https://nmbooks.shop/products/n0042,https://www.google.com/search?q=9785911034436,nm_books,2026-03-29
"Эммануэль Каррер ""Лимонов""",9785911036492,14.26,https://nmbooks.shop/products/n0041,https://www.google.com/search?q=9785911036492,nm_books,2026-03-29
Уорхол ПОПизм. Уорхоловские 60-е,9785911032814,13.45,https://nmbooks.shop/products/n0040,https://www.google.com/search?q=9785911032814,nm_books,2026-03-29
"Шарлотта Коттон ""Фотография как современное искусство""",9785911035181,16.3,https://nmbooks.shop/products/n0039,https://www.google.com/search?q=9785911035181,nm_books,2026-03-29
"Том Дайкхофф ""Эпоха зрелища. Приключения архитектуры и город XXI века""",9785911036737,18.34,https://nmbooks.shop/products/n0038,https://www.google.com/search?q=9785911036737,nm_books,2026-03-29
"Дэвид Гребер ""Пиратское Просвещение, или   Настоящая Либерталия""",9785911037598,15.89,https://nmbooks.shop/products/n0037,https://www.google.com/search?q=9785911037598,nm_books,2026-03-29
"Вальтер Беньямин ""Улица с односторонним движением. Берлинское детство на рубеже веков""  (третье издание)",9785911035969,11.0,https://nmbooks.shop/products/n0036,https://www.google.com/search?q=9785911035969,nm_books,2026-03-29
"Эдуард Лимонов ""В Сырах: Роман в промзоне""",9785001396338,12.63,https://nmbooks.shop/products/n0035,https://www.google.com/search?q=9785001396338,nm_books,2026-03-29
"Эдуард Лимонов ""Смерть современных героев""",9785001395096,12.63,https://nmbooks.shop/products/n0034,https://www.google.com/search?q=9785001395096,nm_books,2026-03-29
"Алексей Иванов ""Псоглавцы"" [покет-серия]",9785001395058,7.74,https://nmbooks.shop/products/n0033,https://www.google.com/search?q=9785001395058,nm_books,2026-03-29
"Алексей Иванов ""Географ глобус пропил"" [покет-серия]",9785001395034,9.78,https://nmbooks.shop/products/n0032,https://www.google.com/search?q=9785001395034,nm_books,2026-03-29
"Эдуард Лимонов ""316, пункт ""В""",9785001396321,14.67,https://nmbooks.shop/products/n0031,https://www.google.com/search?q=9785001396321,nm_books,2026-03-29
"Тарик Али ""Уинстон Черчилль. Его эпоха, его преступления""",9785001393214,15.48,https://nmbooks.shop/products/n0030,https://www.google.com/search?q=9785001393214,nm_books,2026-03-29
"Андрей Арьев, Елена Скульская, Александр Генис ""Три города Сергея Довлатова""",9785001393214,13.45,https://nmbooks.shop/products/n0029,https://www.google.com/search?q=9785001393214,nm_books,2026-03-29
"Иэн Урбина ""Океан вне закона: Работорговля, пиратство и контрабанда в нейтральных водах""",9785001394976,18.34,https://nmbooks.shop/products/n0028,https://www.google.com/search?q=9785001394976,nm_books,2026-03-29
"Алексей Иванов ""Вилы""",9785001395201,18.34,https://nmbooks.shop/products/n0027,https://www.google.com/search?q=9785001395201,nm_books,2026-03-29
"Алексей Иванов ""Быть Ивановым: Пятнадцать лет диалога с читателями""",9785001392538,13.45,https://nmbooks.shop/products/n0026,https://www.google.com/search?q=9785001392538,nm_books,2026-03-29
"Алексей Иванов ""Речфлот: История речного флота Российской империи и Советского Союза""",9785002231195,15.89,https://nmbooks.shop/products/n0025,https://www.google.com/search?q=9785002231195,nm_books,2026-03-29
"Вячеслав Моисеев ""Репетиция апокалипсиса: Тайная история атомных учений в СССР. Тоцкое-1954""",9785961495645,13.45,https://nmbooks.shop/products/n0024,https://www.google.com/search?q=9785961495645,nm_books,2026-03-29
"Питер Прингл ""Николай Вавилов: Ученый, который хотел накормить весь мир и умер от голода"" [покет-серия]",9785961491234,8.15,https://nmbooks.shop/products/n0023,https://www.google.com/search?q=9785961491234,nm_books,2026-03-29
"Алексей Иванов ""Ёбург. Город храбрых""",9785001395218,17.11,https://nmbooks.shop/products/n0022,https://www.google.com/search?q=9785001395218,nm_books,2026-03-29
"Сэм Кинг ""Отряд отморозков: Миссия «Алсос» или кто помешал нацистам создать атомную бомбу""",9785001398042,15.89,https://nmbooks.shop/products/n0020,https://www.google.com/search?q=9785001398042,nm_books,2026-03-29
"Олег Ивик ""Мифозои: история и биология мифических животных""",9785002233656,14.67,https://nmbooks.shop/products/n0019,https://www.google.com/search?q=9785002233656,nm_books,2026-03-29
"Ричард Вайнен ""Долгий '68: радикальный протест и его враги""",9785001391760,18.13,https://nmbooks.shop/products/n0017,https://www.google.com/search?q=9785001391760,nm_books,2026-03-29
"Андрей Шаповалов ""Говорящие с духами: Мир сибирского шаманизма""",9785002231331,13.45,https://nmbooks.shop/products/n0016,https://www.google.com/search?q=9785002231331,nm_books,2026-03-29
"Уинстон Черчилль ""Вторая мировая война"" (в 3 книгах)",9785961439373,52.97,https://nmbooks.shop/products/n0015,https://www.google.com/search?q=9785961439373,nm_books,2026-03-29
"Томас К. Шор ""В шаге от рая: Правдивая история путешествия тибетского ламы в Страну Бессмертия""",9785961439373,13.45,https://nmbooks.shop/products/n0014,https://www.google.com/search?q=9785961439373,nm_books,2026-03-29
"Фрэнк Фаранда ""Парадокс страха: Как одержимость безопасностью мешает нам жить"" [покет-серия]",9785002231188,6.93,https://nmbooks.shop/products/n0013,https://www.google.com/search?q=9785002231188,nm_books,2026-03-29
"Хелен Скейлз ""О чём молчат рыбы: Путеводитель по жизни морских обитателей""",9785002232314,13.45,https://nmbooks.shop/products/n0012,https://www.google.com/search?q=9785002232314,nm_books,2026-03-29
"Мария Лоренца Кьезара ""Секст как лекарство от тревоги: Чему мы можем научиться у философов-скептиков""",9785961494938,11.41,https://nmbooks.shop/products/n0011,https://www.google.com/search?q=9785961494938,nm_books,2026-03-29
"Стивен Пинкер ""Рациональность: Что это, почему нам ее не хватает и чем она важна""",9785001398196,20.37,https://nmbooks.shop/products/n0010,https://www.google.com/search?q=9785001398196,nm_books,2026-03-29
"Александра Стайн ""Страх, любовь и пропаганда: Механизмы влияния в сектах и тоталитарных системах""",9785961487640,15.89,https://nmbooks.shop/products/n0009,https://www.google.com/search?q=9785961487640,nm_books,2026-03-29
"Дэниел Ергин ""Добыча: Всемирная история борьбы за нефть, деньги и власть""",9785961437881,40.75,https://nmbooks.shop/products/n0008,https://www.google.com/search?q=9785961437881,nm_books,2026-03-29
"Мэри Бирд ""SPQR: История Древнего Рима""",9785001390114,20.37,https://nmbooks.shop/products/n0007,https://www.google.com/search?q=9785001390114,nm_books,2026-03-29
"Малкольм Гладуэлл ""Что видела собака: Про первопроходцев, гениев второго плана, поздние таланты, а также другие истории"" [покет-серия]",9785961423860,6.93,https://nmbooks.shop/products/n0006,https://www.google.com/search?q=9785961423860,nm_books,2026-03-29
"Малкольм Гладуэлл ""Сила мгновенных решений: Интуиция как навык"" [покет-серия]",9785961468946,6.93,https://nmbooks.shop/products/n0005,https://www.google.com/search?q=9785961468946,nm_books,2026-03-29
"Малкольм Гладуэлл ""Давид и Голиаф: Как аутсайдеры побеждают фаворитов"" [покет-серия]",9785961471533,6.93,https://nmbooks.shop/products/n0004,https://www.google.com/search?q=9785961471533,nm_books,2026-03-29
"Малкольм Гладуэлл ""Переломный момент: Как незначительные изменения приводят к глобальным переменам"" [покет-серия]",9785961422870,6.93,https://nmbooks.shop/products/n0003,https://www.google.com/search?q=9785961422870,nm_books,2026-03-29
"Айн Рэнд ""Атлант расправил плечи"" [в 3-х книгах]",9785961467420,28.93,https://nmbooks.shop/products/n0002,https://www.google.com/search?q=9785961467420,nm_books,2026-03-29
"Айрат Багаутдинов ""Чему я могу научиться у Владимира Шухова""",9785961493467,10.19,https://nmbooks.shop/products/n0001,https://www.google.com/search?q=9785961493467,nm_books,2026-03-29
